{"cameraMode":{"drawMode":0,"name":"Shaded","section":"Shading Mode"},"sceneLighting":true,"audioPlay":false,"sceneViewState":{"m_AlwaysRefresh":false,"showFog":true,"showSkybox":true,"showFlares":true,"showImageEffects":true,"showParticleSystems":true,"showVisualEffectGraphs":true,"m_FxEnabled":true},"in2DMode":false,"pivot":{"x":-1.5468082427978516,"y":0.30652645230293276,"z":3.226017713546753},"rotation":{"x":-0.11956719309091568,"y":0.8611910939216614,"z":-0.23779445886611939,"w":-0.43302202224731448},"size":8.523812294006348,"orthographic":false}